user39000,user39000@testdomain.com,password
user39001,user39001@testdomain.com,password
user39002,user39002@testdomain.com,password
user39003,user39003@testdomain.com,password
user39004,user39004@testdomain.com,password
user39005,user39005@testdomain.com,password
user39006,user39006@testdomain.com,password
user39007,user39007@testdomain.com,password
user39008,user39008@testdomain.com,password
user39009,user39009@testdomain.com,password
user39010,user39010@testdomain.com,password
user39011,user39011@testdomain.com,password
user39012,user39012@testdomain.com,password
user39013,user39013@testdomain.com,password
user39014,user39014@testdomain.com,password
user39015,user39015@testdomain.com,password
user39016,user39016@testdomain.com,password
user39017,user39017@testdomain.com,password
user39018,user39018@testdomain.com,password
user39019,user39019@testdomain.com,password
user39020,user39020@testdomain.com,password
user39021,user39021@testdomain.com,password
user39022,user39022@testdomain.com,password
user39023,user39023@testdomain.com,password
user39024,user39024@testdomain.com,password
user39025,user39025@testdomain.com,password
user39026,user39026@testdomain.com,password
user39027,user39027@testdomain.com,password
user39028,user39028@testdomain.com,password
user39029,user39029@testdomain.com,password
user39030,user39030@testdomain.com,password
user39031,user39031@testdomain.com,password
user39032,user39032@testdomain.com,password
user39033,user39033@testdomain.com,password
user39034,user39034@testdomain.com,password
user39035,user39035@testdomain.com,password
user39036,user39036@testdomain.com,password
user39037,user39037@testdomain.com,password
user39038,user39038@testdomain.com,password
user39039,user39039@testdomain.com,password
user39040,user39040@testdomain.com,password
user39041,user39041@testdomain.com,password
user39042,user39042@testdomain.com,password
user39043,user39043@testdomain.com,password
user39044,user39044@testdomain.com,password
user39045,user39045@testdomain.com,password
user39046,user39046@testdomain.com,password
user39047,user39047@testdomain.com,password
user39048,user39048@testdomain.com,password
user39049,user39049@testdomain.com,password
user39050,user39050@testdomain.com,password
user39051,user39051@testdomain.com,password
user39052,user39052@testdomain.com,password
user39053,user39053@testdomain.com,password
user39054,user39054@testdomain.com,password
user39055,user39055@testdomain.com,password
user39056,user39056@testdomain.com,password
user39057,user39057@testdomain.com,password
user39058,user39058@testdomain.com,password
user39059,user39059@testdomain.com,password
user39060,user39060@testdomain.com,password
user39061,user39061@testdomain.com,password
user39062,user39062@testdomain.com,password
user39063,user39063@testdomain.com,password
user39064,user39064@testdomain.com,password
user39065,user39065@testdomain.com,password
user39066,user39066@testdomain.com,password
user39067,user39067@testdomain.com,password
user39068,user39068@testdomain.com,password
user39069,user39069@testdomain.com,password
user39070,user39070@testdomain.com,password
user39071,user39071@testdomain.com,password
user39072,user39072@testdomain.com,password
user39073,user39073@testdomain.com,password
user39074,user39074@testdomain.com,password
user39075,user39075@testdomain.com,password
user39076,user39076@testdomain.com,password
user39077,user39077@testdomain.com,password
user39078,user39078@testdomain.com,password
user39079,user39079@testdomain.com,password
user39080,user39080@testdomain.com,password
user39081,user39081@testdomain.com,password
user39082,user39082@testdomain.com,password
user39083,user39083@testdomain.com,password
user39084,user39084@testdomain.com,password
user39085,user39085@testdomain.com,password
user39086,user39086@testdomain.com,password
user39087,user39087@testdomain.com,password
user39088,user39088@testdomain.com,password
user39089,user39089@testdomain.com,password
user39090,user39090@testdomain.com,password
user39091,user39091@testdomain.com,password
user39092,user39092@testdomain.com,password
user39093,user39093@testdomain.com,password
user39094,user39094@testdomain.com,password
user39095,user39095@testdomain.com,password
user39096,user39096@testdomain.com,password
user39097,user39097@testdomain.com,password
user39098,user39098@testdomain.com,password
user39099,user39099@testdomain.com,password
user39100,user39100@testdomain.com,password
user39101,user39101@testdomain.com,password
user39102,user39102@testdomain.com,password
user39103,user39103@testdomain.com,password
user39104,user39104@testdomain.com,password
user39105,user39105@testdomain.com,password
user39106,user39106@testdomain.com,password
user39107,user39107@testdomain.com,password
user39108,user39108@testdomain.com,password
user39109,user39109@testdomain.com,password
user39110,user39110@testdomain.com,password
user39111,user39111@testdomain.com,password
user39112,user39112@testdomain.com,password
user39113,user39113@testdomain.com,password
user39114,user39114@testdomain.com,password
user39115,user39115@testdomain.com,password
user39116,user39116@testdomain.com,password
user39117,user39117@testdomain.com,password
user39118,user39118@testdomain.com,password
user39119,user39119@testdomain.com,password
user39120,user39120@testdomain.com,password
user39121,user39121@testdomain.com,password
user39122,user39122@testdomain.com,password
user39123,user39123@testdomain.com,password
user39124,user39124@testdomain.com,password
user39125,user39125@testdomain.com,password
user39126,user39126@testdomain.com,password
user39127,user39127@testdomain.com,password
user39128,user39128@testdomain.com,password
user39129,user39129@testdomain.com,password
user39130,user39130@testdomain.com,password
user39131,user39131@testdomain.com,password
user39132,user39132@testdomain.com,password
user39133,user39133@testdomain.com,password
user39134,user39134@testdomain.com,password
user39135,user39135@testdomain.com,password
user39136,user39136@testdomain.com,password
user39137,user39137@testdomain.com,password
user39138,user39138@testdomain.com,password
user39139,user39139@testdomain.com,password
user39140,user39140@testdomain.com,password
user39141,user39141@testdomain.com,password
user39142,user39142@testdomain.com,password
user39143,user39143@testdomain.com,password
user39144,user39144@testdomain.com,password
user39145,user39145@testdomain.com,password
user39146,user39146@testdomain.com,password
user39147,user39147@testdomain.com,password
user39148,user39148@testdomain.com,password
user39149,user39149@testdomain.com,password
user39150,user39150@testdomain.com,password
user39151,user39151@testdomain.com,password
user39152,user39152@testdomain.com,password
user39153,user39153@testdomain.com,password
user39154,user39154@testdomain.com,password
user39155,user39155@testdomain.com,password
user39156,user39156@testdomain.com,password
user39157,user39157@testdomain.com,password
user39158,user39158@testdomain.com,password
user39159,user39159@testdomain.com,password
user39160,user39160@testdomain.com,password
user39161,user39161@testdomain.com,password
user39162,user39162@testdomain.com,password
user39163,user39163@testdomain.com,password
user39164,user39164@testdomain.com,password
user39165,user39165@testdomain.com,password
user39166,user39166@testdomain.com,password
user39167,user39167@testdomain.com,password
user39168,user39168@testdomain.com,password
user39169,user39169@testdomain.com,password
user39170,user39170@testdomain.com,password
user39171,user39171@testdomain.com,password
user39172,user39172@testdomain.com,password
user39173,user39173@testdomain.com,password
user39174,user39174@testdomain.com,password
user39175,user39175@testdomain.com,password
user39176,user39176@testdomain.com,password
user39177,user39177@testdomain.com,password
user39178,user39178@testdomain.com,password
user39179,user39179@testdomain.com,password
user39180,user39180@testdomain.com,password
user39181,user39181@testdomain.com,password
user39182,user39182@testdomain.com,password
user39183,user39183@testdomain.com,password
user39184,user39184@testdomain.com,password
user39185,user39185@testdomain.com,password
user39186,user39186@testdomain.com,password
user39187,user39187@testdomain.com,password
user39188,user39188@testdomain.com,password
user39189,user39189@testdomain.com,password
user39190,user39190@testdomain.com,password
user39191,user39191@testdomain.com,password
user39192,user39192@testdomain.com,password
user39193,user39193@testdomain.com,password
user39194,user39194@testdomain.com,password
user39195,user39195@testdomain.com,password
user39196,user39196@testdomain.com,password
user39197,user39197@testdomain.com,password
user39198,user39198@testdomain.com,password
user39199,user39199@testdomain.com,password
user39200,user39200@testdomain.com,password
user39201,user39201@testdomain.com,password
user39202,user39202@testdomain.com,password
user39203,user39203@testdomain.com,password
user39204,user39204@testdomain.com,password
user39205,user39205@testdomain.com,password
user39206,user39206@testdomain.com,password
user39207,user39207@testdomain.com,password
user39208,user39208@testdomain.com,password
user39209,user39209@testdomain.com,password
user39210,user39210@testdomain.com,password
user39211,user39211@testdomain.com,password
user39212,user39212@testdomain.com,password
user39213,user39213@testdomain.com,password
user39214,user39214@testdomain.com,password
user39215,user39215@testdomain.com,password
user39216,user39216@testdomain.com,password
user39217,user39217@testdomain.com,password
user39218,user39218@testdomain.com,password
user39219,user39219@testdomain.com,password
user39220,user39220@testdomain.com,password
user39221,user39221@testdomain.com,password
user39222,user39222@testdomain.com,password
user39223,user39223@testdomain.com,password
user39224,user39224@testdomain.com,password
user39225,user39225@testdomain.com,password
user39226,user39226@testdomain.com,password
user39227,user39227@testdomain.com,password
user39228,user39228@testdomain.com,password
user39229,user39229@testdomain.com,password
user39230,user39230@testdomain.com,password
user39231,user39231@testdomain.com,password
user39232,user39232@testdomain.com,password
user39233,user39233@testdomain.com,password
user39234,user39234@testdomain.com,password
user39235,user39235@testdomain.com,password
user39236,user39236@testdomain.com,password
user39237,user39237@testdomain.com,password
user39238,user39238@testdomain.com,password
user39239,user39239@testdomain.com,password
user39240,user39240@testdomain.com,password
user39241,user39241@testdomain.com,password
user39242,user39242@testdomain.com,password
user39243,user39243@testdomain.com,password
user39244,user39244@testdomain.com,password
user39245,user39245@testdomain.com,password
user39246,user39246@testdomain.com,password
user39247,user39247@testdomain.com,password
user39248,user39248@testdomain.com,password
user39249,user39249@testdomain.com,password
user39250,user39250@testdomain.com,password
user39251,user39251@testdomain.com,password
user39252,user39252@testdomain.com,password
user39253,user39253@testdomain.com,password
user39254,user39254@testdomain.com,password
user39255,user39255@testdomain.com,password
user39256,user39256@testdomain.com,password
user39257,user39257@testdomain.com,password
user39258,user39258@testdomain.com,password
user39259,user39259@testdomain.com,password
user39260,user39260@testdomain.com,password
user39261,user39261@testdomain.com,password
user39262,user39262@testdomain.com,password
user39263,user39263@testdomain.com,password
user39264,user39264@testdomain.com,password
user39265,user39265@testdomain.com,password
user39266,user39266@testdomain.com,password
user39267,user39267@testdomain.com,password
user39268,user39268@testdomain.com,password
user39269,user39269@testdomain.com,password
user39270,user39270@testdomain.com,password
user39271,user39271@testdomain.com,password
user39272,user39272@testdomain.com,password
user39273,user39273@testdomain.com,password
user39274,user39274@testdomain.com,password
user39275,user39275@testdomain.com,password
user39276,user39276@testdomain.com,password
user39277,user39277@testdomain.com,password
user39278,user39278@testdomain.com,password
user39279,user39279@testdomain.com,password
user39280,user39280@testdomain.com,password
user39281,user39281@testdomain.com,password
user39282,user39282@testdomain.com,password
user39283,user39283@testdomain.com,password
user39284,user39284@testdomain.com,password
user39285,user39285@testdomain.com,password
user39286,user39286@testdomain.com,password
user39287,user39287@testdomain.com,password
user39288,user39288@testdomain.com,password
user39289,user39289@testdomain.com,password
user39290,user39290@testdomain.com,password
user39291,user39291@testdomain.com,password
user39292,user39292@testdomain.com,password
user39293,user39293@testdomain.com,password
user39294,user39294@testdomain.com,password
user39295,user39295@testdomain.com,password
user39296,user39296@testdomain.com,password
user39297,user39297@testdomain.com,password
user39298,user39298@testdomain.com,password
user39299,user39299@testdomain.com,password
user39300,user39300@testdomain.com,password
user39301,user39301@testdomain.com,password
user39302,user39302@testdomain.com,password
user39303,user39303@testdomain.com,password
user39304,user39304@testdomain.com,password
user39305,user39305@testdomain.com,password
user39306,user39306@testdomain.com,password
user39307,user39307@testdomain.com,password
user39308,user39308@testdomain.com,password
user39309,user39309@testdomain.com,password
user39310,user39310@testdomain.com,password
user39311,user39311@testdomain.com,password
user39312,user39312@testdomain.com,password
user39313,user39313@testdomain.com,password
user39314,user39314@testdomain.com,password
user39315,user39315@testdomain.com,password
user39316,user39316@testdomain.com,password
user39317,user39317@testdomain.com,password
user39318,user39318@testdomain.com,password
user39319,user39319@testdomain.com,password
user39320,user39320@testdomain.com,password
user39321,user39321@testdomain.com,password
user39322,user39322@testdomain.com,password
user39323,user39323@testdomain.com,password
user39324,user39324@testdomain.com,password
user39325,user39325@testdomain.com,password
user39326,user39326@testdomain.com,password
user39327,user39327@testdomain.com,password
user39328,user39328@testdomain.com,password
user39329,user39329@testdomain.com,password
user39330,user39330@testdomain.com,password
user39331,user39331@testdomain.com,password
user39332,user39332@testdomain.com,password
user39333,user39333@testdomain.com,password
user39334,user39334@testdomain.com,password
user39335,user39335@testdomain.com,password
user39336,user39336@testdomain.com,password
user39337,user39337@testdomain.com,password
user39338,user39338@testdomain.com,password
user39339,user39339@testdomain.com,password
user39340,user39340@testdomain.com,password
user39341,user39341@testdomain.com,password
user39342,user39342@testdomain.com,password
user39343,user39343@testdomain.com,password
user39344,user39344@testdomain.com,password
user39345,user39345@testdomain.com,password
user39346,user39346@testdomain.com,password
user39347,user39347@testdomain.com,password
user39348,user39348@testdomain.com,password
user39349,user39349@testdomain.com,password
user39350,user39350@testdomain.com,password
user39351,user39351@testdomain.com,password
user39352,user39352@testdomain.com,password
user39353,user39353@testdomain.com,password
user39354,user39354@testdomain.com,password
user39355,user39355@testdomain.com,password
user39356,user39356@testdomain.com,password
user39357,user39357@testdomain.com,password
user39358,user39358@testdomain.com,password
user39359,user39359@testdomain.com,password
user39360,user39360@testdomain.com,password
user39361,user39361@testdomain.com,password
user39362,user39362@testdomain.com,password
user39363,user39363@testdomain.com,password
user39364,user39364@testdomain.com,password
user39365,user39365@testdomain.com,password
user39366,user39366@testdomain.com,password
user39367,user39367@testdomain.com,password
user39368,user39368@testdomain.com,password
user39369,user39369@testdomain.com,password
user39370,user39370@testdomain.com,password
user39371,user39371@testdomain.com,password
user39372,user39372@testdomain.com,password
user39373,user39373@testdomain.com,password
user39374,user39374@testdomain.com,password
user39375,user39375@testdomain.com,password
user39376,user39376@testdomain.com,password
user39377,user39377@testdomain.com,password
user39378,user39378@testdomain.com,password
user39379,user39379@testdomain.com,password
user39380,user39380@testdomain.com,password
user39381,user39381@testdomain.com,password
user39382,user39382@testdomain.com,password
user39383,user39383@testdomain.com,password
user39384,user39384@testdomain.com,password
user39385,user39385@testdomain.com,password
user39386,user39386@testdomain.com,password
user39387,user39387@testdomain.com,password
user39388,user39388@testdomain.com,password
user39389,user39389@testdomain.com,password
user39390,user39390@testdomain.com,password
user39391,user39391@testdomain.com,password
user39392,user39392@testdomain.com,password
user39393,user39393@testdomain.com,password
user39394,user39394@testdomain.com,password
user39395,user39395@testdomain.com,password
user39396,user39396@testdomain.com,password
user39397,user39397@testdomain.com,password
user39398,user39398@testdomain.com,password
user39399,user39399@testdomain.com,password
user39400,user39400@testdomain.com,password
user39401,user39401@testdomain.com,password
user39402,user39402@testdomain.com,password
user39403,user39403@testdomain.com,password
user39404,user39404@testdomain.com,password
user39405,user39405@testdomain.com,password
user39406,user39406@testdomain.com,password
user39407,user39407@testdomain.com,password
user39408,user39408@testdomain.com,password
user39409,user39409@testdomain.com,password
user39410,user39410@testdomain.com,password
user39411,user39411@testdomain.com,password
user39412,user39412@testdomain.com,password
user39413,user39413@testdomain.com,password
user39414,user39414@testdomain.com,password
user39415,user39415@testdomain.com,password
user39416,user39416@testdomain.com,password
user39417,user39417@testdomain.com,password
user39418,user39418@testdomain.com,password
user39419,user39419@testdomain.com,password
user39420,user39420@testdomain.com,password
user39421,user39421@testdomain.com,password
user39422,user39422@testdomain.com,password
user39423,user39423@testdomain.com,password
user39424,user39424@testdomain.com,password
user39425,user39425@testdomain.com,password
user39426,user39426@testdomain.com,password
user39427,user39427@testdomain.com,password
user39428,user39428@testdomain.com,password
user39429,user39429@testdomain.com,password
user39430,user39430@testdomain.com,password
user39431,user39431@testdomain.com,password
user39432,user39432@testdomain.com,password
user39433,user39433@testdomain.com,password
user39434,user39434@testdomain.com,password
user39435,user39435@testdomain.com,password
user39436,user39436@testdomain.com,password
user39437,user39437@testdomain.com,password
user39438,user39438@testdomain.com,password
user39439,user39439@testdomain.com,password
user39440,user39440@testdomain.com,password
user39441,user39441@testdomain.com,password
user39442,user39442@testdomain.com,password
user39443,user39443@testdomain.com,password
user39444,user39444@testdomain.com,password
user39445,user39445@testdomain.com,password
user39446,user39446@testdomain.com,password
user39447,user39447@testdomain.com,password
user39448,user39448@testdomain.com,password
user39449,user39449@testdomain.com,password
user39450,user39450@testdomain.com,password
user39451,user39451@testdomain.com,password
user39452,user39452@testdomain.com,password
user39453,user39453@testdomain.com,password
user39454,user39454@testdomain.com,password
user39455,user39455@testdomain.com,password
user39456,user39456@testdomain.com,password
user39457,user39457@testdomain.com,password
user39458,user39458@testdomain.com,password
user39459,user39459@testdomain.com,password
user39460,user39460@testdomain.com,password
user39461,user39461@testdomain.com,password
user39462,user39462@testdomain.com,password
user39463,user39463@testdomain.com,password
user39464,user39464@testdomain.com,password
user39465,user39465@testdomain.com,password
user39466,user39466@testdomain.com,password
user39467,user39467@testdomain.com,password
user39468,user39468@testdomain.com,password
user39469,user39469@testdomain.com,password
user39470,user39470@testdomain.com,password
user39471,user39471@testdomain.com,password
user39472,user39472@testdomain.com,password
user39473,user39473@testdomain.com,password
user39474,user39474@testdomain.com,password
user39475,user39475@testdomain.com,password
user39476,user39476@testdomain.com,password
user39477,user39477@testdomain.com,password
user39478,user39478@testdomain.com,password
user39479,user39479@testdomain.com,password
user39480,user39480@testdomain.com,password
user39481,user39481@testdomain.com,password
user39482,user39482@testdomain.com,password
user39483,user39483@testdomain.com,password
user39484,user39484@testdomain.com,password
user39485,user39485@testdomain.com,password
user39486,user39486@testdomain.com,password
user39487,user39487@testdomain.com,password
user39488,user39488@testdomain.com,password
user39489,user39489@testdomain.com,password
user39490,user39490@testdomain.com,password
user39491,user39491@testdomain.com,password
user39492,user39492@testdomain.com,password
user39493,user39493@testdomain.com,password
user39494,user39494@testdomain.com,password
user39495,user39495@testdomain.com,password
user39496,user39496@testdomain.com,password
user39497,user39497@testdomain.com,password
user39498,user39498@testdomain.com,password
user39499,user39499@testdomain.com,password
user39500,user39500@testdomain.com,password
